﻿ [
    {
      "ImageName": "Idpi",
      "Width": "36",
      "Height": "36",
      "Scale": "Idpi"
    },
    {
      "ImageName": "Mdpi",
      "Width": "48",
      "Height": "48",
      "Scale": "Mdpi"
    },
    {
      "ImageName": "Hdpi",
      "Width": "72",
      "Height": "72",
      "Scale": "Hdpi"
    },
    {
      "ImageName": "xHdpi",
      "Width": "96",
      "Height": "96",
      "Scale": "xHdpi"
    },
    {
      "ImageName": "xxHdpi",
      "Width": "144",
      "Height": "144",
      "Scale": "xxHdpi"
    },
    {
      "ImageName": "xxxHdpi",
      "Width": "192",
      "Height": "192",
      "Scale": "xxxHdpi"
    },
    {
      "ImageName": "PlayStoreIcon",
      "Width": "512",
      "Height": "512",
      "Scale": "PlayStoreIcon"
    }
  ]

