﻿[
  {
    "ImageName": "284X284",
    "Width": "284",
    "Height": "284",
    "Scale": "Square71LogoScale400"
  },
  {
    "ImageName": "142X142",
    "Width": "142",
    "Height": "142",
    "Scale": "Square71LogoScale200"
  },
  {
    "ImageName": "71X71",
    "Width": "71",
    "Height": "71",
    "Scale": "Square71LogoScale100"
  },
  {
    "ImageName": "107X107",
    "Width": "107",
    "Height": "107",
    "Scale": "Square71LogoScale150"
  },
  {
    "ImageName": "89X89",
    "Width": "89",
    "Height": "89",
    "Scale": "Square71LogoScale125"
  },
  {
    "ImageName": "600X600",
    "Width": "600",
    "Height": "600",
    "Scale": "Square150Scale400"
  },
  {
    "ImageName": "300X300",
    "Width": "300",
    "Height": "300",
    "Scale": "Square150Scale200"
  },
  {
    "ImageName": "150X150",
    "Width": "150",
    "Height": "150",
    "Scale": "Square150Scale100"
  },
  {
    "ImageName": "225X225",
    "Width": "225",
    "Height": "225",
    "Scale": "Square150Scale150"
  },
  {
    "ImageName": "188X188",
    "Width": "188",
    "Height": "188",
    "Scale": "Square150Scale125"
  },
  {
    "ImageName": "1240X600",
    "Width": "1240",
    "Height": "600",
    "Scale": "Wide310Scale400"
  },
  {
    "ImageName": "620X300",
    "Width": "620",
    "Height": "300",
    "Scale": "Wide310Scale200"
  },
  {
    "ImageName": "310X150",
    "Width": "310",
    "Height": "150",
    "Scale": "Wide310Scale100"
  },
  {
    "ImageName": "465X225",
    "Width": "465",
    "Height": "225",
    "Scale": "Wide310Scale150"
  },
  {
    "ImageName": "388X188",
    "Width": "388",
    "Height": "188",
    "Scale": "Wide310Scale125"
  },
  {
    "ImageName": "1240X1240",
    "Width": "1240",
    "Height": "1240",
    "Scale": "Square310Scale400"
  },
  {
    "ImageName": "620X620",
    "Width": "620",
    "Height": "620",
    "Scale": "Square310Scale200"
  },
  {
    "ImageName": "310X310",
    "Width": "310",
    "Height": "310",
    "Scale": "Square310Scale100"
  },
  {
    "ImageName": "465X465",
    "Width": "465",
    "Height": "465",
    "Scale": "Square310Scale150"
  },
  {
    "ImageName": "388X388",
    "Width": "388",
    "Height": "388",
    "Scale": "Square310Scale125"
  },
  {
    "ImageName": "176X176",
    "Width": "176",
    "Height": "176",
    "Scale": "Square44Scale400"
  },
  {
    "ImageName": "88X88",
    "Width": "88",
    "Height": "88",
    "Scale": "Square44Scale200"
  },
  {
    "ImageName": "44X44",
    "Width": "44",
    "Height": "44",
    "Scale": "Square44Scale100"
  },
  {
    "ImageName": "66X66",
    "Width": "66",
    "Height": "66",
    "Scale": "Square44Scale150"
  },
  {
    "ImageName": "55X55",
    "Width": "55",
    "Height": "55",
    "Scale": "Square44Scale125"
  },
  {
    "ImageName": "256X256",
    "Width": "256",
    "Height": "256",
    "Scale": "TS256"
  },
  {
    "ImageName": "48X48",
    "Width": "48",
    "Height": "48",
    "Scale": "TS48"
  },
  {
    "ImageName": "24X24",
    "Width": "24",
    "Height": "24",
    "Scale": "TS24"
  },
  {
    "ImageName": "16X16",
    "Width": "16",
    "Height": "16",
    "Scale": "TS16"
  },
  {
    "ImageName": "200X200",
    "Width": "200",
    "Height": "200",
    "Scale": "StoreScale400"
  },
  {
    "ImageName": "100X100",
    "Width": "100",
    "Height": "100",
    "Scale": "StoreScale200"
  },
  {
    "ImageName": "75X75",
    "Width": "75",
    "Height": "75",
    "Scale": "StoreScale150"
  },
  {
    "ImageName": "63X63",
    "Width": "63",
    "Height": "63",
    "Scale": "StoreScale125"
  },
  {
    "ImageName": "50X50",
    "Width": "50",
    "Height": "50",
    "Scale": "StoreScale100"
  }

]


